SamplingValve,MassFractionButanol,PackingHeight
Bottoms Column 2,0.99539,0
HV208,0.99435,0.39
HV209,0.99274,1.13
HV210,0.99544,1.87
HV211,0.99605,2.61
HV212,0.98935,3.35
HV213,0.99197,4.09
Decanter Upper Phase,0.8765,
