SamplingValve,MassFractionButanol,PackingHeight
HV208,0.9891,0.39
HV209,0.97938,1.13
HV210,0.99102,1.87
HV211,0.98902,2.61
HV212,0.98698,3.35
HV213,0.97586,4.09
Decanter Upper Phase,0.906,
