SamplingValve,MassFractionButanol,PackingHeight
Bottoms Column 2,0.99506,0
HV208,0.99397,0.39
HV209,0.9933,1.13
HV210,0.99228,1.87
HV211,0.9921,2.61
HV212,0.98951,3.35
HV213,0.99127,4.09
Decanter Upper Phase,0.79,
